daily_returns,growth_curve,drawdown,total_return,annualized_return,annualized_volatility,sharpe_ratio,max_drawdown,rolling_return,rolling_volatility,rolling_sharpe
"Date
2020-01-03   -0.007573
2020-01-06    0.003815
2020-01-07   -0.002812
2020-01-08    0.005329
2020-01-09    0.006781
                ...   
2023-12-22    0.002010
2023-12-26    0.004223
2023-12-27    0.001808
2023-12-28    0.000378
2023-12-29   -0.002895
Name: SPY, Length: 1005, dtype: float64","Date
2020-01-03    0.992427
2020-01-06    0.996214
2020-01-07    0.993413
2020-01-08    0.998707
2020-01-09    1.005479
                ...   
2023-12-22    1.552653
2023-12-26    1.559209
2023-12-27    1.562028
2023-12-28    1.562618
2023-12-29    1.558095
Name: SPY, Length: 1005, dtype: float64","Date
2020-01-03    0.000000
2020-01-06    0.000000
2020-01-07   -0.002812
2020-01-08    0.000000
2020-01-09    0.000000
                ...   
2023-12-22   -0.002506
2023-12-26    0.000000
2023-12-27    0.000000
2023-12-28    0.000000
2023-12-29   -0.002895
Name: SPY, Length: 1005, dtype: float64",0.569983481729847,0.11974713811078708,0.22627033951545233,0.4408316985973108,-0.337172582793301,"Date
2020-01-03         NaN
2020-01-06         NaN
2020-01-07         NaN
2020-01-08         NaN
2020-01-09         NaN
                ...   
2023-12-22    0.244980
2023-12-26    0.268332
2023-12-27    0.263358
2023-12-28    0.268839
2023-12-29    0.281087
Name: SPY, Length: 1005, dtype: float64","Date
2020-01-03         NaN
2020-01-06         NaN
2020-01-07         NaN
2020-01-08         NaN
2020-01-09         NaN
                ...   
2023-12-22    0.133033
2023-12-26    0.132198
2023-12-27    0.132114
2023-12-28    0.132024
2023-12-29    0.131394
Name: SPY, Length: 1005, dtype: float64","Date
2020-01-03         NaN
2020-01-06         NaN
2020-01-07         NaN
2020-01-08         NaN
2020-01-09         NaN
                ...   
2023-12-22    1.691162
2023-12-26    1.878480
2023-12-27    1.842028
2023-12-28    1.884804
2023-12-29    1.987048
Name: SPY, Length: 1005, dtype: float64"
