daily_returns,growth_curve,drawdown,total_return,annualized_return,annualized_volatility,sharpe_ratio,max_drawdown,transaction_costs,total_transaction_cost,rolling_return,rolling_volatility,rolling_sharpe
"Date
2020-01-03   -0.010689
2020-01-06    0.010731
2020-01-07   -0.001978
2020-01-08    0.006464
2020-01-09    0.014714
                ...   
2023-12-22   -0.004402
2023-12-26   -0.001711
2023-12-27    0.000121
2023-12-28    0.001425
2023-12-29   -0.007038
Name: portfolio_return, Length: 1005, dtype: float64","Date
2020-01-03    0.989311
2020-01-06    0.999927
2020-01-07    0.997950
2020-01-08    1.004400
2020-01-09    1.019179
                ...   
2023-12-22    2.229154
2023-12-26    2.225341
2023-12-27    2.225609
2023-12-28    2.228781
2023-12-29    2.213094
Name: portfolio_return, Length: 1005, dtype: float64","Date
2020-01-03    0.000000
2020-01-06    0.000000
2020-01-07   -0.001978
2020-01-08    0.000000
2020-01-09    0.000000
                ...   
2023-12-22   -0.011085
2023-12-26   -0.012776
2023-12-27   -0.012657
2023-12-28   -0.011250
2023-12-29   -0.018209
Name: portfolio_return, Length: 1005, dtype: float64",1.2370055445228703,0.22370775048622593,0.3179382477662134,0.6407148303717661,-0.3933362855965561,"Date
2020-01-03    0.0
2020-01-06    0.0
2020-01-07    0.0
2020-01-08    0.0
2020-01-09    0.0
             ... 
2023-12-22    0.0
2023-12-26    0.0
2023-12-27    0.0
2023-12-28    0.0
2023-12-29    0.0
Name: transaction_cost, Length: 1005, dtype: float64",0.0011630100247521642,"Date
2020-01-03         NaN
2020-01-06         NaN
2020-01-07         NaN
2020-01-08         NaN
2020-01-09         NaN
                ...   
2023-12-22    0.568710
2023-12-26    0.611065
2023-12-27    0.603001
2023-12-28    0.635829
2023-12-29    0.664886
Name: portfolio_return, Length: 1005, dtype: float64","Date
2020-01-03         NaN
2020-01-06         NaN
2020-01-07         NaN
2020-01-08         NaN
2020-01-09         NaN
                ...   
2023-12-22    0.219909
2023-12-26    0.217890
2023-12-27    0.217875
2023-12-28    0.216888
2023-12-29    0.215457
Name: portfolio_return, Length: 1005, dtype: float64","Date
2020-01-03         NaN
2020-01-06         NaN
2020-01-07         NaN
2020-01-08         NaN
2020-01-09         NaN
                ...   
2023-12-22    2.495167
2023-12-26    2.712672
2023-12-27    2.675850
2023-12-28    2.839379
2023-12-29    2.993106
Name: portfolio_return, Length: 1005, dtype: float64"
